id,userId,type,description,amount,createdAt
cmoilcgf4389gqo0faj686kmm,cmoilcgeq389cqo0f7wk908dj,BONUS,Hoşgeldin bonusu (tek seferlik),10,2026-04-28 12:17:10.432
cmoileisj389iqo0fzksvr3s6,cmoilcgeq389cqo0f7wk908dj,USAGE,Desen üretimi,-1000,2026-04-28 12:18:46.818
cmoilewhp389kqo0fqox448sv,cmoilcgeq389cqo0f7wk908dj,USAGE,Desen üretimi,100,2026-04-28 12:19:04.57
cmoilft7c389mqo0fdd4uz59o,cmoilcgeq389cqo0f7wk908dj,USAGE,Desen üretimi,5000,2026-04-28 12:19:46.965
cmoilftyn389oqo0fdv532zgy,cmoilcgeq389cqo0f7wk908dj,USAGE,PATTERN_GENERATION - Sapphire Neural Core v4,-2,2026-04-28 12:19:47.949
cmoilghf7389qqo0fr4ne1bdp,cmoilcgeq389cqo0f7wk908dj,USAGE,PATTERN_GENERATION - Sapphire Neural Core v4,-2,2026-04-28 12:20:18.354
cmoilj32r389sqo0fcuz4a47e,cmoilcgeq389cqo0f7wk908dj,USAGE,PATTERN_GENERATION - Sapphire Neural Core v4,-2,2026-04-28 12:22:19.729
cmoiljqk2389uqo0f143ebe8b,cmoilcgeq389cqo0f7wk908dj,USAGE,Desen üretimi,-1,2026-04-28 12:22:50.156
cmoiljqxb389wqo0fkk4myexn,cmoilcgeq389cqo0f7wk908dj,USAGE,Desen üretimi,0,2026-04-28 12:22:50.636
cmoiljrlg389yqo0fekq49b2d,cmoilcgeq389cqo0f7wk908dj,USAGE,PATTERN_GENERATION - Sapphire Neural Core v4,-2,2026-04-28 12:22:51.507
cmoiljrm338a0qo0fmjswvq6b,cmoilcgeq389cqo0f7wk908dj,REFUND,Engine Sync Failure - Refunded,2,2026-04-28 12:22:51.529
cmoilpyd238a2qo0fckfjj11i,cmoilcgeq389cqo0f7wk908dj,USAGE,PATTERN_GENERATION - Sapphire Neural Core v4,-2,2026-04-28 12:27:40.213
cmoilsjjn38a4qo0fzn6rch36,cmoilcgeq389cqo0f7wk908dj,USAGE,PATTERN_GENERATION - Sapphire Neural Core v4,-2,2026-04-28 12:29:40.975
cmoilugod38a6qo0fyxc72n07,cmoilcgeq389cqo0f7wk908dj,USAGE,PATTERN_GENERATION - Sapphire Neural Core v4,-2,2026-04-28 12:31:10.572
cmoilv0i938a8qo0fqorkfstl,cmoilcgeq389cqo0f7wk908dj,USAGE,PATTERN_GENERATION - Sapphire Neural Core v4,-2,2026-04-28 12:31:36.272
cmoilv0ih38aaqo0fum4q4htj,cmoilcgeq389cqo0f7wk908dj,USAGE,PATTERN_GENERATION - Sapphire Neural Core v4,-2,2026-04-28 12:31:36.28
cmoilv0io38acqo0fuur7baw7,cmoilcgeq389cqo0f7wk908dj,USAGE,PATTERN_GENERATION - Sapphire Neural Core v4,-2,2026-04-28 12:31:36.287
cmoilv0jm38aeqo0fvmrfudgg,cmoilcgeq389cqo0f7wk908dj,USAGE,PATTERN_GENERATION - Sapphire Neural Core v4,-2,2026-04-28 12:31:36.321
cmoilv0jq38agqo0fwdv5j3ks,cmoilcgeq389cqo0f7wk908dj,USAGE,PATTERN_GENERATION - Sapphire Neural Core v4,-2,2026-04-28 12:31:36.325
cmoilvpi338aiqo0fq5sh71i8,cmoilcgeq389cqo0f7wk908dj,USAGE,PATTERN_GENERATION - Sapphire Neural Core v4,-2,2026-04-28 12:32:08.666
cmoilvpil38akqo0f4mxbe9b9,cmoilcgeq389cqo0f7wk908dj,REFUND,Engine Sync Failure - Refunded,2,2026-04-28 12:32:08.683
cmoilwd1i38amqo0fvg7y4zjk,cmoilcgeq389cqo0f7wk908dj,USAGE,Export: PDF,-1,2026-04-28 12:32:39.174
cmoilwfe138aoqo0fnf0w3d3k,cmoilcgeq389cqo0f7wk908dj,USAGE,"Export: PDF, TIFF, PSD",-5,2026-04-28 12:32:42.218
cmoilxaji38aqqo0f6w01t9nl,cmoilcgeq389cqo0f7wk908dj,USAGE,PATTERN_GENERATION - Sapphire Neural Core v4,-2,2026-04-28 12:33:22.588
cmoilycho38asqo0fyux0x1gt,cmoilcgeq389cqo0f7wk908dj,USAGE,Desen üretimi,10000,2026-04-28 12:34:11.771
cmoim259r38awqo0frqqck77u,cmoilcgeq389cqo0f7wk908dj,USAGE,PATTERN_GENERATION - Sapphire Neural Core v4,-2,2026-04-28 12:37:09.037
cmoim25a638ayqo0fy6dgdbux,cmoilcgeq389cqo0f7wk908dj,REFUND,Engine Sync Failure - Refunded,2,2026-04-28 12:37:09.051
cmoimh3kk38bfqo0fcwlumvlv,cmoilcgeq389cqo0f7wk908dj,USAGE,PATTERN_GENERATION - Sapphire Neural Core v4,-2,2026-04-28 12:48:46.675
cmoimhg2f38bhqo0fkue6n6vk,cmoilcgeq389cqo0f7wk908dj,USAGE,PATTERN_GENERATION - Sapphire Neural Core v4,-2,2026-04-28 12:49:02.868
cmoimhgme38bjqo0fxzr1pddc,cmoilcgeq389cqo0f7wk908dj,REFUND,Engine Sync Failure - Refunded,2,2026-04-28 12:49:03.588
cmoimhn4938blqo0f0spi395k,cmoilcgeq389cqo0f7wk908dj,USAGE,PATTERN_GENERATION - Sapphire Neural Core v4,-2,2026-04-28 12:49:12.003
cmoimhtb838bnqo0f1l77kstc,cmoilcgeq389cqo0f7wk908dj,USAGE,PATTERN_GENERATION - Sapphire Neural Core v4,-2,2026-04-28 12:49:20.023
cmoimhtu738bpqo0fi92rn2lg,cmoilcgeq389cqo0f7wk908dj,REFUND,Engine Sync Failure - Refunded,2,2026-04-28 12:49:20.717
cmoimhu7l38brqo0ftg4659ol,cmoilcgeq389cqo0f7wk908dj,USAGE,PATTERN_GENERATION - Sapphire Neural Core v4,-2,2026-04-28 12:49:21.199
cmoimhucl38btqo0f4egtxy4z,cmoilcgeq389cqo0f7wk908dj,REFUND,Engine Sync Failure - Refunded,2,2026-04-28 12:49:21.377
cmoimhusc38bvqo0fdr54zhmu,cmoilcgeq389cqo0f7wk908dj,USAGE,PATTERN_GENERATION - Sapphire Neural Core v4,-2,2026-04-28 12:49:21.947
cmoimhv9k38bxqo0fkd4qy6n3,cmoilcgeq389cqo0f7wk908dj,USAGE,PATTERN_GENERATION - Sapphire Neural Core v4,-2,2026-04-28 12:49:22.562
cmoimhvec38bzqo0ftjenwku6,cmoilcgeq389cqo0f7wk908dj,REFUND,Engine Sync Failure - Refunded,2,2026-04-28 12:49:22.737
cmoimie5o38c1qo0fauon10do,cmoilcgeq389cqo0f7wk908dj,USAGE,PATTERN_GENERATION - Sapphire Neural Core v4,-2,2026-04-28 12:49:47.047
cmoimjsp038c3qo0fz5ocloug,cmoilcgeq389cqo0f7wk908dj,USAGE,PATTERN_GENERATION - Sapphire Neural Core v4,-2,2026-04-28 12:50:52.545
cmoimjt9138c5qo0fvrv2q3by,cmoilcgeq389cqo0f7wk908dj,REFUND,Engine Sync Failure - Refunded,2,2026-04-28 12:50:53.267
cmoimk9e938c7qo0fdmbomgse,cmoilcgeq389cqo0f7wk908dj,USAGE,PATTERN_GENERATION - Sapphire Neural Core v4,-2,2026-04-28 12:51:14.188
cmoimkac838c9qo0fr39zpl7g,cmoilcgeq389cqo0f7wk908dj,REFUND,Engine Sync Failure - Refunded,2,2026-04-28 12:51:15.412
cmoimkasl38cbqo0fnio0s2yd,cmoilcgeq389cqo0f7wk908dj,USAGE,PATTERN_GENERATION - Sapphire Neural Core v4,-2,2026-04-28 12:51:16
cmoimkbdb38cdqo0f126nmspb,cmoilcgeq389cqo0f7wk908dj,USAGE,PATTERN_GENERATION - Sapphire Neural Core v4,-2,2026-04-28 12:51:16.749
cmoiml9iw38cfqo0f3use4xnl,cmoilcgeq389cqo0f7wk908dj,USAGE,PATTERN_GENERATION - Sapphire Neural Core v4,-2,2026-04-28 12:52:01.015
cmoimlrfp38chqo0fuvw2ckgg,cmoilcgeq389cqo0f7wk908dj,USAGE,PATTERN_GENERATION - Sapphire Neural Core v4,-2,2026-04-28 12:52:24.229
cmoimmbs138cjqo0feftcttt1,cmoilcgeq389cqo0f7wk908dj,USAGE,PATTERN_GENERATION - Sapphire Neural Core v4,-2,2026-04-28 12:52:50.589
cmoimmhlm38clqo0f2zlhyrag,cmoilcgeq389cqo0f7wk908dj,USAGE,PATTERN_GENERATION - Sapphire Neural Core v4,-2,2026-04-28 12:52:58.137
cmoimn54s38cnqo0fj42wuso3,cmoilcgeq389cqo0f7wk908dj,USAGE,PATTERN_GENERATION - Sapphire Neural Core v4,-2,2026-04-28 12:53:28.635
cmoimpct438cpqo0f8uiz27x4,cmoilcgeq389cqo0f7wk908dj,USAGE,PATTERN_GENERATION - Sapphire Neural Core v4,-2,2026-04-28 12:55:11.895
cmoimq3s438crqo0fo2fte8ep,cmoilcgeq389cqo0f7wk908dj,USAGE,PATTERN_GENERATION - Sapphire Neural Core v4,-2,2026-04-28 12:55:46.851
cmoimq4br38ctqo0fhpcx96ph,cmoilcgeq389cqo0f7wk908dj,REFUND,Engine Sync Failure - Refunded,2,2026-04-28 12:55:47.556
cmoimqo9a38cvqo0f1pvvnmoi,cmoilcgeq389cqo0f7wk908dj,USAGE,PATTERN_GENERATION - Sapphire Neural Core v4,-2,2026-04-28 12:56:13.388
cmoimqost38cxqo0fhm5dsh24,cmoilcgeq389cqo0f7wk908dj,REFUND,Engine Sync Failure - Refunded,2,2026-04-28 12:56:14.091
cmoimqp6x38czqo0fxgonybtq,cmoilcgeq389cqo0f7wk908dj,USAGE,PATTERN_GENERATION - Sapphire Neural Core v4,-2,2026-04-28 12:56:14.6
cmoimqpc038d1qo0fuv6cpnnb,cmoilcgeq389cqo0f7wk908dj,REFUND,Engine Sync Failure - Refunded,2,2026-04-28 12:56:14.783
cmoimqpru38d3qo0fwwniex2a,cmoilcgeq389cqo0f7wk908dj,USAGE,PATTERN_GENERATION - Sapphire Neural Core v4,-2,2026-04-28 12:56:15.353
cmoimqpyk38d5qo0f6rmya9ov,cmoilcgeq389cqo0f7wk908dj,REFUND,Engine Sync Failure - Refunded,2,2026-04-28 12:56:15.595
cmoimqqf638d7qo0fzwlnnfpy,cmoilcgeq389cqo0f7wk908dj,USAGE,PATTERN_GENERATION - Sapphire Neural Core v4,-2,2026-04-28 12:56:16.193
cmoimqqm738d9qo0f3ilfaia6,cmoilcgeq389cqo0f7wk908dj,REFUND,Engine Sync Failure - Refunded,2,2026-04-28 12:56:16.446
cmoimqr2s38dbqo0fhb0k3f15,cmoilcgeq389cqo0f7wk908dj,USAGE,PATTERN_GENERATION - Sapphire Neural Core v4,-2,2026-04-28 12:56:17.043
cmoimqr8h38ddqo0fmlw7s7jy,cmoilcgeq389cqo0f7wk908dj,REFUND,Engine Sync Failure - Refunded,2,2026-04-28 12:56:17.247
cmoimqros38dfqo0f795mhn8h,cmoilcgeq389cqo0f7wk908dj,USAGE,PATTERN_GENERATION - Sapphire Neural Core v4,-2,2026-04-28 12:56:17.835
cmoimqruc38dhqo0f07eyos7q,cmoilcgeq389cqo0f7wk908dj,REFUND,Engine Sync Failure - Refunded,2,2026-04-28 12:56:18.035
cmoimqsa738djqo0fcmg3qsj7,cmoilcgeq389cqo0f7wk908dj,USAGE,PATTERN_GENERATION - Sapphire Neural Core v4,-2,2026-04-28 12:56:18.606
cmoimqsfu38dlqo0fr6cr0naj,cmoilcgeq389cqo0f7wk908dj,REFUND,Engine Sync Failure - Refunded,2,2026-04-28 12:56:18.809
cmoimqsw938dnqo0f4xibbhoh,cmoilcgeq389cqo0f7wk908dj,USAGE,PATTERN_GENERATION - Sapphire Neural Core v4,-2,2026-04-28 12:56:19.4
cmoimqt4q38dpqo0f7hgaaa92,cmoilcgeq389cqo0f7wk908dj,REFUND,Engine Sync Failure - Refunded,2,2026-04-28 12:56:19.705
cmoimqtmb38drqo0fh6mjwnhs,cmoilcgeq389cqo0f7wk908dj,USAGE,PATTERN_GENERATION - Sapphire Neural Core v4,-2,2026-04-28 12:56:20.338
cmoimqtrp38dtqo0ff4uq4yvn,cmoilcgeq389cqo0f7wk908dj,REFUND,Engine Sync Failure - Refunded,2,2026-04-28 12:56:20.532
cmoimwssz38dvqo0f2iyy5e1c,cmoilcgeq389cqo0f7wk908dj,USAGE,PATTERN_GENERATION - Sapphire Neural Core v4,-2,2026-04-28 13:00:59.218
cmoimwu7t38dxqo0fq1vj3hb1,cmoilcgeq389cqo0f7wk908dj,REFUND,Engine Sync Failure - Refunded,2,2026-04-28 13:01:01.047
cmoimx39t38dzqo0f4yydj6ws,cmoilcgeq389cqo0f7wk908dj,USAGE,PATTERN_GENERATION - Sapphire Neural Core v4,-2,2026-04-28 13:01:12.784
cmoimx3uf38e1qo0fi8guop7x,cmoilcgeq389cqo0f7wk908dj,REFUND,Engine Sync Failure - Refunded,2,2026-04-28 13:01:13.526
cmoimxc4l38e3qo0fqsk9v7ir,cmoilcgeq389cqo0f7wk908dj,USAGE,PATTERN_GENERATION - Sapphire Neural Core v4,-2,2026-04-28 13:01:24.26
cmoimxcab38e5qo0fab45or0q,cmoilcgeq389cqo0f7wk908dj,REFUND,Engine Sync Failure - Refunded,2,2026-04-28 13:01:24.466
cmoimxm3y38e7qo0f9e3nubgh,cmoilcgeq389cqo0f7wk908dj,USAGE,PATTERN_GENERATION - Sapphire Neural Core v4,-2,2026-04-28 13:01:37.196
cmoimxmne38e9qo0fisrn8a3g,cmoilcgeq389cqo0f7wk908dj,REFUND,Engine Sync Failure - Refunded,2,2026-04-28 13:01:37.897
cmoimy7es38ebqo0f83omhe9y,cmoilcgeq389cqo0f7wk908dj,USAGE,PATTERN_GENERATION - Sapphire Neural Core v4,-2,2026-04-28 13:02:04.804
cmoimz2sh38edqo0fhnlc9uvn,cmoilcgeq389cqo0f7wk908dj,USAGE,PATTERN_GENERATION - Sapphire Neural Core v4,-2,2026-04-28 13:02:45.47
cmoimzl6t38efqo0f1a9w14g0,cmoilcgeq389cqo0f7wk908dj,USAGE,PATTERN_GENERATION - Sapphire Neural Core v4,-2,2026-04-28 13:03:09.314
cmoimzlqh38ehqo0f7dww72id,cmoilcgeq389cqo0f7wk908dj,REFUND,Engine Sync Failure - Refunded,2,2026-04-28 13:03:10.018
cmoimzm6438ejqo0fumtyqsys,cmoilcgeq389cqo0f7wk908dj,USAGE,PATTERN_GENERATION - Sapphire Neural Core v4,-2,2026-04-28 13:03:10.585
cmoimzmbp38elqo0fjywgvzuk,cmoilcgeq389cqo0f7wk908dj,REFUND,Engine Sync Failure - Refunded,2,2026-04-28 13:03:10.788
cmoin0obb38enqo0fdnxvjnag,cmoilcgeq389cqo0f7wk908dj,USAGE,PATTERN_GENERATION - Sapphire Neural Core v4,-2,2026-04-28 13:04:00.019
cmoin0ow538epqo0fygox89k0,cmoilcgeq389cqo0f7wk908dj,REFUND,Engine Sync Failure - Refunded,2,2026-04-28 13:04:00.771
cmoin1nia38erqo0fpyi89rae,cmoilcgeq389cqo0f7wk908dj,USAGE,PATTERN_GENERATION - Sapphire Neural Core v4,-2,2026-04-28 13:04:45.628
cmoin1o2a38etqo0ffegdc7my,cmoilcgeq389cqo0f7wk908dj,REFUND,Engine Sync Failure - Refunded,2,2026-04-28 13:04:46.352
cmoin27p638evqo0f4ct82h0v,cmoilcgeq389cqo0f7wk908dj,USAGE,PATTERN_GENERATION - Sapphire Neural Core v4,-2,2026-04-28 13:05:11.8
cmoin289s38exqo0f1aj3cbd6,cmoilcgeq389cqo0f7wk908dj,REFUND,Engine Sync Failure - Refunded,2,2026-04-28 13:05:12.54
cmoin2lq038ezqo0ft67ovx22,cmoilcgeq389cqo0f7wk908dj,USAGE,PATTERN_GENERATION - Sapphire Neural Core v4,-2,2026-04-28 13:05:29.974
cmoin2m9m38f1qo0fm4ag40fd,cmoilcgeq389cqo0f7wk908dj,REFUND,Engine Sync Failure - Refunded,2,2026-04-28 13:05:30.681
cmoin2np938f3qo0f8lzco96t,cmoilcgeq389cqo0f7wk908dj,USAGE,PATTERN_GENERATION - Sapphire Neural Core v4,-2,2026-04-28 13:05:32.539
cmoin4jsm38f5qo0flav1i13i,cmoilcgeq389cqo0f7wk908dj,USAGE,PATTERN_GENERATION - Sapphire Neural Core v4,-2,2026-04-28 13:07:00.789
cmoin4jxm38f7qo0fyhgp26hg,cmoilcgeq389cqo0f7wk908dj,REFUND,Engine Sync Failure - Refunded,2,2026-04-28 13:07:00.968
cmoin512038f9qo0f77dscnxb,cmoilcgeq389cqo0f7wk908dj,USAGE,PATTERN_GENERATION - Sapphire Neural Core v4,-2,2026-04-28 13:07:23.159
cmoin51lf38fbqo0f7vkmvkw2,cmoilcgeq389cqo0f7wk908dj,REFUND,Engine Sync Failure - Refunded,2,2026-04-28 13:07:23.857
cmoin5ckg38fdqo0f4q33rsjf,cmoilcgeq389cqo0f7wk908dj,USAGE,PATTERN_GENERATION - Sapphire Neural Core v4,-2,2026-04-28 13:07:38.079
cmoin7xac38ffqo0fjd13d50v,cmoilcgeq389cqo0f7wk908dj,USAGE,PATTERN_GENERATION - Sapphire Neural Core v4,-2,2026-04-28 13:09:38.243
cmoin898r38fhqo0fwlydemk7,cmoilcgeq389cqo0f7wk908dj,REFUND,Engine Sync Failure - Refunded,2,2026-04-28 13:09:53.737
cmoinausd38fjqo0fqbogl5t1,cmoilcgeq389cqo0f7wk908dj,REFUND,Engine Sync Failure - Refunded,2,2026-04-28 13:11:54.965
cmoincyxk38flqo0fov201sh2,cmoilcgeq389cqo0f7wk908dj,USAGE,PATTERN_GENERATION - Sapphire Neural Core v4,-2,2026-04-28 13:13:33.655
cmoincz3t38fnqo0fn112t0fm,cmoilcgeq389cqo0f7wk908dj,REFUND,Engine Sync Failure - Refunded,2,2026-04-28 13:13:33.879
cmoindvvd38fpqo0f4uqgibbl,cmoilcgeq389cqo0f7wk908dj,USAGE,PATTERN_GENERATION - Sapphire Neural Core v4,-2,2026-04-28 13:14:16.343
cmoinlu3438frqo0fem13q3vy,cmoilcgeq389cqo0f7wk908dj,USAGE,PATTERN_GENERATION - Sapphire Neural Core v4,-2,2026-04-28 13:20:27.276
cmoinlun038ftqo0fdz8e8skm,cmoilcgeq389cqo0f7wk908dj,REFUND,Engine Sync Failure - Refunded,2,2026-04-28 13:20:27.994
cmoinp1rb38fvqo0f1myhlq6n,cmoilcgeq389cqo0f7wk908dj,USAGE,PATTERN_GENERATION - Sapphire Neural Core v4,-2,2026-04-28 13:22:57.188
cmoinp2cb38fxqo0fe5ytarqc,cmoilcgeq389cqo0f7wk908dj,REFUND,Engine Sync Failure - Refunded,2,2026-04-28 13:22:57.943
cmoinp2sn38fzqo0fnlw3rs8p,cmoilcgeq389cqo0f7wk908dj,USAGE,PATTERN_GENERATION - Sapphire Neural Core v4,-2,2026-04-28 13:22:58.532
cmoinwyza38g1qo0fje03jdr9,cmoilcgeq389cqo0f7wk908dj,USAGE,PATTERN_GENERATION - Sapphire Neural Core v4,-2,2026-04-28 13:29:06.834
cmoinxkzl38g3qo0fbev6ptxw,cmoilcgeq389cqo0f7wk908dj,USAGE,PATTERN_GENERATION - Sapphire Neural Core v4,-2,2026-04-28 13:29:35.356
cmoinxl5038g5qo0fg7bt7sro,cmoilcgeq389cqo0f7wk908dj,REFUND,Engine Sync Failure - Refunded,2,2026-04-28 13:29:35.552
cmoiny2it38g7qo0fizad4yil,cmoilcgeq389cqo0f7wk908dj,USAGE,PATTERN_GENERATION - Sapphire Neural Core v4,-2,2026-04-28 13:29:58.08
cmoiny32838g9qo0fbb596ory,cmoilcgeq389cqo0f7wk908dj,REFUND,Engine Sync Failure - Refunded,2,2026-04-28 13:29:58.778
cmoinzeo038gbqo0fz7swwh9t,cmoilcgeq389cqo0f7wk908dj,USAGE,PATTERN_GENERATION - Sapphire Neural Core v4,-2,2026-04-28 13:31:00.474
cmoio04h138gdqo0f5v695d6b,cmoilcgeq389cqo0f7wk908dj,USAGE,PATTERN_GENERATION - Sapphire Neural Core v4,-2,2026-04-28 13:31:33.924
cmoio1fjq38gfqo0fviqfc01v,cmoilcgeq389cqo0f7wk908dj,USAGE,Export: TIFF,-1,2026-04-28 13:32:34.934
cmoio3t8v38ghqo0f6qhomwbr,cmoilcgeq389cqo0f7wk908dj,USAGE,Export: TIFF,-1,2026-04-28 13:34:26
cmoio444r38gjqo0fvmg4ra8l,cmoilcgeq389cqo0f7wk908dj,USAGE,Export: TIFF,-1,2026-04-28 13:34:40.108
cmoio4s3138glqo0fvu738u89,cmoilcgeq389cqo0f7wk908dj,USAGE,Export: TIFF,-1,2026-04-28 13:35:11.15
cmoio4tqz38gnqo0fa5nr4y6z,cmoilcgeq389cqo0f7wk908dj,USAGE,PATTERN_GENERATION - Sapphire Neural Core v4,-2,2026-04-28 13:35:13.304
cmoio7q9g38gpqo0fr7ibmoca,cmoilcgeq389cqo0f7wk908dj,REFUND,Engine Sync Failure - Refunded,2,2026-04-28 13:37:28.755
cmoio8qaw38grqo0frgaspgkv,cmoilcgeq389cqo0f7wk908dj,USAGE,Export: TIFF,-1,2026-04-28 13:38:15.465
cmoio9u7938gtqo0f53o8p465,cmoilcgeq389cqo0f7wk908dj,USAGE,Export: TIFF,-1,2026-04-28 13:39:07.174
cmoio9upe38gvqo0fguxk6adh,cmoilcgeq389cqo0f7wk908dj,USAGE,Export: TIFF,-1,2026-04-28 13:39:07.826
cmoioajv138gxqo0fkvq0k6ci,cmoilcgeq389cqo0f7wk908dj,USAGE,PATTERN_GENERATION - Sapphire Neural Core v4,-2,2026-04-28 13:39:40.428
cmoiod2tf38gzqo0fh8rawaxg,cmoilcgeq389cqo0f7wk908dj,USAGE,PATTERN_GENERATION - Sapphire Neural Core v4,-2,2026-04-28 13:41:38.306
cmoiodqj038h1qo0f2zta8q2l,cmoilcgeq389cqo0f7wk908dj,USAGE,PATTERN_GENERATION - Sapphire Neural Core v4,-2,2026-04-28 13:42:09.035
cmoiodvuz38h3qo0fpfz2im98,cmoilcgeq389cqo0f7wk908dj,USAGE,PATTERN_GENERATION - Sapphire Neural Core v4,-2,2026-04-28 13:42:15.946
cmoiodw0v38h5qo0fiw63e0gg,cmoilcgeq389cqo0f7wk908dj,REFUND,Engine Sync Failure - Refunded,2,2026-04-28 13:42:16.157
cmoiodwfl38h7qo0fdgn6f7is,cmoilcgeq389cqo0f7wk908dj,USAGE,PATTERN_GENERATION - Sapphire Neural Core v4,-2,2026-04-28 13:42:16.687
cmoiodwlh38h9qo0fjsck26do,cmoilcgeq389cqo0f7wk908dj,REFUND,Engine Sync Failure - Refunded,2,2026-04-28 13:42:16.899
cmoiodx2e38hbqo0fa4vlmhqk,cmoilcgeq389cqo0f7wk908dj,USAGE,PATTERN_GENERATION - Sapphire Neural Core v4,-2,2026-04-28 13:42:17.507
cmoiodx7e38hdqo0fwpowjuzo,cmoilcgeq389cqo0f7wk908dj,REFUND,Engine Sync Failure - Refunded,2,2026-04-28 13:42:17.689
cmoiodxmj38hfqo0fhdouspfg,cmoilcgeq389cqo0f7wk908dj,USAGE,PATTERN_GENERATION - Sapphire Neural Core v4,-2,2026-04-28 13:42:18.233
cmoiodxrl38hhqo0f3f7kalik,cmoilcgeq389cqo0f7wk908dj,REFUND,Engine Sync Failure - Refunded,2,2026-04-28 13:42:18.416
cmoiody6k38hjqo0flv4uybiv,cmoilcgeq389cqo0f7wk908dj,USAGE,PATTERN_GENERATION - Sapphire Neural Core v4,-2,2026-04-28 13:42:18.953
cmoiodyss38hlqo0fqirbtfkg,cmoilcgeq389cqo0f7wk908dj,REFUND,Engine Sync Failure - Refunded,2,2026-04-28 13:42:19.755
cmoioeni338hnqo0f3twgri11,cmoilcgeq389cqo0f7wk908dj,USAGE,PATTERN_GENERATION - Sapphire Neural Core v4,-2,2026-04-28 13:42:51.77
cmoiof64638hpqo0fj5qxluiu,cmoilcgeq389cqo0f7wk908dj,USAGE,PATTERN_GENERATION - Sapphire Neural Core v4,-2,2026-04-28 13:43:15.893
cmoiok06m38hrqo0fh6rpnal6,cmoilcgeq389cqo0f7wk908dj,USAGE,PATTERN_GENERATION - Sapphire Neural Core v4,-2,2026-04-28 13:47:01.484
cmoiom0yu38htqo0fwwudf3ti,cmoilcgeq389cqo0f7wk908dj,REFUND,Engine Sync Failure - Refunded,2,2026-04-28 13:48:35.809
cmoiomelc38hvqo0fikdx4b6i,cmoilcgeq389cqo0f7wk908dj,USAGE,PATTERN_GENERATION - Sapphire Neural Core v4,-2,2026-04-28 13:48:53.469
cmoiomf6138hxqo0fjdllqrkb,cmoilcgeq389cqo0f7wk908dj,REFUND,Engine Sync Failure - Refunded,2,2026-04-28 13:48:54.212
cmoiomfmo38hzqo0fcmsr25if,cmoilcgeq389cqo0f7wk908dj,USAGE,PATTERN_GENERATION - Sapphire Neural Core v4,-2,2026-04-28 13:48:54.813
cmoiomulo38i1qo0f3nlfxyuq,cmoilcgeq389cqo0f7wk908dj,USAGE,PATTERN_GENERATION - Sapphire Neural Core v4,-2,2026-04-28 13:49:14.218
cmoiophdr38i3qo0f6labd3xy,cmoilcgeq389cqo0f7wk908dj,USAGE,Export: TIFF,-1,2026-04-28 13:51:17.056
cmoioqejt38i5qo0fnel728op,cmoilcgeq389cqo0f7wk908dj,USAGE,Export: TIFF,-1,2026-04-28 13:52:00.041
cmoioqf2938i7qo0fn76lmxuf,cmoilcgeq389cqo0f7wk908dj,USAGE,Export: TIFF,-1,2026-04-28 13:52:00.706
cmoiorhxc38i9qo0fml2ayeb2,cmoilcgeq389cqo0f7wk908dj,USAGE,PATTERN_GENERATION - Sapphire Neural Core v4,-2,2026-04-28 13:52:51.071
cmoip0xwn38ibqo0fe1nz9wnn,cmoilcgeq389cqo0f7wk908dj,USAGE,Export: TIFF,-1,2026-04-28 14:00:11.687
cmoip1l3v38idqo0fxhurh6t2,cmoilcgeq389cqo0f7wk908dj,USAGE,Export: TIFF,-1,2026-04-28 14:00:41.756
cmoip1lm838ifqo0finus1cxo,cmoilcgeq389cqo0f7wk908dj,USAGE,Export: TIFF,-1,2026-04-28 14:00:42.416
cmoip2tso38ihqo0f01s773kz,cmoilcgeq389cqo0f7wk908dj,USAGE,PATTERN_GENERATION - Sapphire Neural Core v4,-2,2026-04-28 14:01:39.667
cmoip2v9c38ijqo0fe09c5cxb,cmoilcgeq389cqo0f7wk908dj,REFUND,Engine Sync Failure - Refunded,2,2026-04-28 14:01:41.566
cmoip60u438ilqo0fnf1d5oyf,cmoilcgeq389cqo0f7wk908dj,USAGE,Export: TIFF,-1,2026-04-28 14:04:08.765
cmoip61cf38inqo0f08zhqgqw,cmoilcgeq389cqo0f7wk908dj,USAGE,Export: TIFF,-1,2026-04-28 14:04:09.423
cmoip61wu38ipqo0f9mw60bk8,cmoilcgeq389cqo0f7wk908dj,USAGE,Export: TIFF,-1,2026-04-28 14:04:10.158
cmoip62eo38irqo0fx6lux3ft,cmoilcgeq389cqo0f7wk908dj,USAGE,Export: TIFF,-1,2026-04-28 14:04:10.801
cmoip62wp38itqo0ftxq81rx8,cmoilcgeq389cqo0f7wk908dj,USAGE,Export: TIFF,-1,2026-04-28 14:04:11.449
cmoip63f238ivqo0fj767httv,cmoilcgeq389cqo0f7wk908dj,USAGE,Export: TIFF,-1,2026-04-28 14:04:12.11
cmoip63vu38ixqo0fo9r6u776,cmoilcgeq389cqo0f7wk908dj,USAGE,Export: TIFF,-1,2026-04-28 14:04:12.714
cmoip8isx38izqo0fn594k5h7,cmoilcgeq389cqo0f7wk908dj,USAGE,PATTERN_GENERATION - Sapphire Neural Core v4,-2,2026-04-28 14:06:05.36
cmoip9oun38j1qo0fgeaxafy4,cmoilcgeq389cqo0f7wk908dj,REFUND,Engine Sync Failure - Refunded,2,2026-04-28 14:06:59.854
cmoipasop38j3qo0fba43pks0,cmoilcgeq389cqo0f7wk908dj,USAGE,PATTERN_GENERATION - Sapphire Neural Core v4,-2,2026-04-28 14:07:51.48
cmoipau3i38j5qo0fe52xntgr,cmoilcgeq389cqo0f7wk908dj,REFUND,Engine Sync Failure - Refunded,2,2026-04-28 14:07:53.308
cmoipduaq38j7qo0flwtyuy1n,cmoilcgeq389cqo0f7wk908dj,USAGE,Export: TIFF,-1,2026-04-28 14:10:13.539
cmoipdusq38j9qo0ft3zj29s9,cmoilcgeq389cqo0f7wk908dj,USAGE,Export: TIFF,-1,2026-04-28 14:10:14.186
cmoipet1j38jbqo0fl11akowi,cmoilcgeq389cqo0f7wk908dj,USAGE,Export: TIFF,-1,2026-04-28 14:10:58.568
cmoipfm8z38jdqo0fue9qkunv,cmoilcgeq389cqo0f7wk908dj,USAGE,Export: TIFF,-1,2026-04-28 14:11:36.42
cmoipgajh38jfqo0fqfpkoegz,cmoilcgeq389cqo0f7wk908dj,USAGE,Export: TIFF,-1,2026-04-28 14:12:07.902
cmoiphnv238jhqo0focyrd27q,cmoilcgeq389cqo0f7wk908dj,USAGE,PATTERN_GENERATION - Sapphire Neural Core v4,-2,2026-04-28 14:13:11.821
cmoipjhpl38jjqo0fzm5ouh6x,cmoilcgeq389cqo0f7wk908dj,USAGE,"Export: TIFF, PDF",-2,2026-04-28 14:14:37.161
cmoipkqzt38jlqo0fxrwhibpf,cmoilcgeq389cqo0f7wk908dj,USAGE,Export: TIFF,-1,2026-04-28 14:15:35.849
cmoipkryp38jnqo0futnvaotp,cmoilcgeq389cqo0f7wk908dj,USAGE,Export: TIFF,-1,2026-04-28 14:15:37.106
cmoipn60n38jpqo0f8ge5gy2e,cmoilcgeq389cqo0f7wk908dj,USAGE,Export: TIFF,-1,2026-04-28 14:17:28.631
cmoipof8e38jrqo0f0tctgoic,cmoilcgeq389cqo0f7wk908dj,USAGE,Export: TIFF,-1,2026-04-28 14:18:27.231
cmoippy7338jtqo0fsb38975m,cmoilcgeq389cqo0f7wk908dj,USAGE,Export: TIFF,-1,2026-04-28 14:19:38.464
cmoipqm6u38jvqo0fcnn74unv,cmoilcgeq389cqo0f7wk908dj,USAGE,Export: TIFF,-1,2026-04-28 14:20:09.559
cmoipr7gx38jxqo0fb5m97ycw,cmoilcgeq389cqo0f7wk908dj,USAGE,Export: TIFF,-1,2026-04-28 14:20:37.137
cmoipr7yf38jzqo0fy13ip1cd,cmoilcgeq389cqo0f7wk908dj,USAGE,Export: TIFF,-1,2026-04-28 14:20:37.767
cmoipsbnh38k1qo0fuzeps5e3,cmoilcgeq389cqo0f7wk908dj,USAGE,Export: TIFF,-1,2026-04-28 14:21:29.213
cmoipv3c638k3qo0fu3pcxir1,cmoilcgeq389cqo0f7wk908dj,USAGE,Export: PDF,-1,2026-04-28 14:23:38.406
cmoiq00lr38k5qo0fr6sh3vb6,cmoilcgeq389cqo0f7wk908dj,USAGE,Export: TIFF,-1,2026-04-28 14:27:28.144
cmoiq0wth38k7qo0fe2avdcdw,cmoilcgeq389cqo0f7wk908dj,USAGE,Export: TIFF,-1,2026-04-28 14:28:09.893
cmoiq1aae38k9qo0fgm4kyaat,cmoilcgeq389cqo0f7wk908dj,USAGE,Export: TIFF,-1,2026-04-28 14:28:27.35
cmoiq1ann38kbqo0fg1kpnsus,cmoilcgeq389cqo0f7wk908dj,USAGE,Export: TIFF,-1,2026-04-28 14:28:27.827
cmoiq1b1i38kdqo0fm2lu5dhj,cmoilcgeq389cqo0f7wk908dj,USAGE,Export: TIFF,-1,2026-04-28 14:28:28.326
cmoiq21pt38kfqo0fzs371nsd,cmoilcgeq389cqo0f7wk908dj,USAGE,PATTERN_GENERATION - Sapphire Neural Core v4,-2,2026-04-28 14:29:02.894
cmoiq26ge38khqo0f3jzxczjq,cmoilcgeq389cqo0f7wk908dj,USAGE,PATTERN_GENERATION - Sapphire Neural Core v4,-2,2026-04-28 14:29:09.036
cmoiq276l38kjqo0fgorab4k3,cmoilcgeq389cqo0f7wk908dj,USAGE,Export: TIFF,-1,2026-04-28 14:29:09.981
cmoiq2smm38klqo0fff8pf0mx,cmoilcgeq389cqo0f7wk908dj,USAGE,PATTERN_GENERATION - Sapphire Neural Core v4,-2,2026-04-28 14:29:37.773
cmoiq2x8738knqo0f0otx4e1r,cmoilcgeq389cqo0f7wk908dj,USAGE,PATTERN_GENERATION - Sapphire Neural Core v4,-2,2026-04-28 14:29:43.734
cmoiq3rpj38kpqo0f0884irrs,cmoilcgeq389cqo0f7wk908dj,USAGE,PATTERN_GENERATION - Sapphire Neural Core v4,-2,2026-04-28 14:30:23.237
cmoiq4ftx38krqo0fwhbzas76,cmoilcgeq389cqo0f7wk908dj,USAGE,PATTERN_GENERATION - Sapphire Neural Core v4,-2,2026-04-28 14:30:54.5
cmoiq4j6a38ktqo0fzvtb9vy3,cmoilcgeq389cqo0f7wk908dj,USAGE,PATTERN_GENERATION - Sapphire Neural Core v4,-2,2026-04-28 14:30:58.832
cmoiq5py938kvqo0fj0u04rg7,cmoilcgeq389cqo0f7wk908dj,USAGE,PATTERN_GENERATION - Sapphire Neural Core v4,-2,2026-04-28 14:31:54.273
cmoiqbqsv38kxqo0fandi5sek,cmoilcgeq389cqo0f7wk908dj,USAGE,PATTERN_GENERATION - Sapphire Neural Core v4,-2,2026-04-28 14:36:35.309
cmoiqbrdr38kzqo0f8r35upa6,cmoilcgeq389cqo0f7wk908dj,REFUND,Engine Sync Failure - Refunded,2,2026-04-28 14:36:36.058
cmoiqc8wc38l1qo0fvz45i9ny,cmoilcgeq389cqo0f7wk908dj,USAGE,PATTERN_GENERATION - Sapphire Neural Core v4,-2,2026-04-28 14:36:58.763
cmoiqd01638l3qo0fffmth7b1,cmoilcgeq389cqo0f7wk908dj,USAGE,Export: TIFF,-1,2026-04-28 14:37:33.93
cmoiqd0q838l5qo0fk43ekyji,cmoilcgeq389cqo0f7wk908dj,USAGE,PATTERN_GENERATION - Sapphire Neural Core v4,-2,2026-04-28 14:37:34.83
cmoiqeleq38l7qo0f9wc5p2rl,cmoilcgeq389cqo0f7wk908dj,USAGE,PATTERN_GENERATION - Sapphire Neural Core v4,-2,2026-04-28 14:38:48.288
cmoiqgyrf38l9qo0fd7arzhw2,cmoilcgeq389cqo0f7wk908dj,USAGE,Export: TIFF,-1,2026-04-28 14:40:38.907
cmoiqgzbh38lbqo0fdp4lmxgc,cmoilcgeq389cqo0f7wk908dj,USAGE,PATTERN_GENERATION - Sapphire Neural Core v4,-2,2026-04-28 14:40:39.625
cmoiqkh7e38ldqo0fnn8t10b6,cmoilcgeq389cqo0f7wk908dj,USAGE,PATTERN_GENERATION - Sapphire Neural Core v4,-2,2026-04-28 14:43:22.777
cmoiqklv138lfqo0f01lrzekf,cmoilcgeq389cqo0f7wk908dj,USAGE,PATTERN_GENERATION - Sapphire Neural Core v4,-2,2026-04-28 14:43:28.812
cmoiqlezz38lhqo0f3hb0kw7c,cmoilcgeq389cqo0f7wk908dj,USAGE,PATTERN_GENERATION - Sapphire Neural Core v4,-2,2026-04-28 14:44:06.574
cmoiqm5bx38ljqo0fvvesxmbi,cmoilcgeq389cqo0f7wk908dj,USAGE,PATTERN_GENERATION - Sapphire Neural Core v4,-2,2026-04-28 14:44:40.7
cmoiqm9f338llqo0fg03a3yx6,cmoilcgeq389cqo0f7wk908dj,USAGE,Export: TIFF,-1,2026-04-28 14:44:46
cmoiqn3sk38lnqo0frnkgh6vc,cmoilcgeq389cqo0f7wk908dj,USAGE,Export: PDF,-1,2026-04-28 14:45:25.364
cmoiqq8n438lpqo0fa8udtkks,cmoilcgeq389cqo0f7wk908dj,USAGE,Export: TIFF,-1,2026-04-28 14:47:51.616
cmoiqrcmm38lrqo0fhjbqg6mf,cmoilcgeq389cqo0f7wk908dj,USAGE,Export Full Pack (3 formats),-4,2026-04-28 14:48:43.438
cmoiqs1h038ltqo0fpr5ci6ud,cmoilcgeq389cqo0f7wk908dj,USAGE,PATTERN_GENERATION - Sapphire Neural Core v4,-2,2026-04-28 14:49:15.635
cmoiqsq6a38lvqo0fjpje3l7p,cmoilcgeq389cqo0f7wk908dj,USAGE,Export: TIFF,-1,2026-04-28 14:49:47.65
cmoiqsqle38lxqo0fcyeklhgw,cmoilcgeq389cqo0f7wk908dj,USAGE,UPSCALE_8K - Sapphire Refine Core,-1,2026-04-28 14:49:48.193
cmoiqu8fi38m1qo0f0oary33i,cmoilcgeq389cqo0f7wk908dj,USAGE,UPSCALE_8K - Sapphire Refine Core,-1,2026-04-28 14:50:57.964
cmoiqucoh38m5qo0fj96mtbq4,cmoilcgeq389cqo0f7wk908dj,USAGE,PATTERN_GENERATION - Sapphire Neural Core v4,-2,2026-04-28 14:51:03.473
cmoiqwha138m7qo0fn2gwwgnn,cmoilcgeq389cqo0f7wk908dj,USAGE,PATTERN_GENERATION - Sapphire Neural Core v4,-2,2026-04-28 14:52:42.742
cmoiqwm8z38m9qo0fdo4wbw8v,cmoilcgeq389cqo0f7wk908dj,USAGE,PATTERN_GENERATION - Sapphire Neural Core v4,-2,2026-04-28 14:52:49.185
cmoiqx5dn38mbqo0ff8bl9uz4,cmoilcgeq389cqo0f7wk908dj,USAGE,PATTERN_GENERATION - Sapphire Neural Core v4,-2,2026-04-28 14:53:13.977
cmoiqxtlc38mdqo0fdm8acfi6,cmoilcgeq389cqo0f7wk908dj,USAGE,PATTERN_GENERATION - Sapphire Neural Core v4,-2,2026-04-28 14:53:45.354
cmoiqydxb38mfqo0fof1fn8b7,cmoilcgeq389cqo0f7wk908dj,USAGE,PATTERN_GENERATION - Sapphire Neural Core v4,-2,2026-04-28 14:54:11.71
cmoiqyhxg38mhqo0fps429crv,cmoilcgeq389cqo0f7wk908dj,USAGE,PATTERN_GENERATION - Sapphire Neural Core v4,-2,2026-04-28 14:54:16.899
cmoiqz6iu38mjqo0f76m6lgva,cmoilcgeq389cqo0f7wk908dj,USAGE,PATTERN_GENERATION - Sapphire Neural Core v4,-2,2026-04-28 14:54:48.772
cmoiqzazb38mlqo0f510zxkh3,cmoilcgeq389cqo0f7wk908dj,USAGE,PATTERN_GENERATION - Sapphire Neural Core v4,-2,2026-04-28 14:54:54.545
cmoir08on38mnqo0fbp5q8tra,cmoilcgeq389cqo0f7wk908dj,USAGE,Export: TIFF,-1,2026-04-28 14:55:38.232
cmoir096838mpqo0faikqtxov,cmoilcgeq389cqo0f7wk908dj,USAGE,UPSCALE_8K - Sapphire Refine Core,-1,2026-04-28 14:55:38.863
cmoir17o238mrqo0fiq9xxob3,cmoilcgeq389cqo0f7wk908dj,USAGE,PATTERN_GENERATION - Sapphire Neural Core v4,-2,2026-04-28 14:56:23.568
cmoir1d1o38mtqo0fnvnivg55,cmoilcgeq389cqo0f7wk908dj,USAGE,PATTERN_GENERATION - Sapphire Neural Core v4,-2,2026-04-28 14:56:30.534
cmoir1dou38mvqo0fhpbvsr65,cmoilcgeq389cqo0f7wk908dj,USAGE,PATTERN_GENERATION - Sapphire Neural Core v4,-2,2026-04-28 14:56:31.373
cmoir1e9s38mxqo0fzgh80d57,cmoilcgeq389cqo0f7wk908dj,USAGE,PATTERN_GENERATION - Sapphire Neural Core v4,-2,2026-04-28 14:56:32.126
cmoir1etb38mzqo0fhvzkqyxs,cmoilcgeq389cqo0f7wk908dj,USAGE,PATTERN_GENERATION - Sapphire Neural Core v4,-2,2026-04-28 14:56:32.827
cmoir1f8938n1qo0f75apfzvv,cmoilcgeq389cqo0f7wk908dj,USAGE,PATTERN_GENERATION - Sapphire Neural Core v4,-2,2026-04-28 14:56:33.368
cmoir1fok38n3qo0fpio6wva4,cmoilcgeq389cqo0f7wk908dj,USAGE,PATTERN_GENERATION - Sapphire Neural Core v4,-2,2026-04-28 14:56:33.954
cmoir30t638n5qo0fmq6oubrr,cmoilcgeq389cqo0f7wk908dj,USAGE,PATTERN_GENERATION - Sapphire Neural Core v4,-2,2026-04-28 14:57:47.994
cmoir34w338n7qo0fwcp7z7uu,cmoilcgeq389cqo0f7wk908dj,USAGE,PATTERN_GENERATION - Sapphire Neural Core v4,-2,2026-04-28 14:57:53.282
cmoir3mzg38n9qo0fuhph4qo7,cmoilcgeq389cqo0f7wk908dj,USAGE,PATTERN_GENERATION - Sapphire Neural Core v4,-2,2026-04-28 14:58:16.729
cmoir4lhg38nbqo0fxfsyvle6,cmoilcgeq389cqo0f7wk908dj,USAGE,PATTERN_GENERATION - Sapphire Neural Core v4,-2,2026-04-28 14:59:01.443
cmoir4vu438ndqo0fminprct1,cmoilcgeq389cqo0f7wk908dj,USAGE,PATTERN_GENERATION - Sapphire Neural Core v4,-2,2026-04-28 14:59:14.858
cmoir5lbz38nfqo0fuq3jl1cv,cmoilcgeq389cqo0f7wk908dj,USAGE,PATTERN_GENERATION - Sapphire Neural Core v4,-2,2026-04-28 14:59:47.901
cmoir5mpt38nhqo0fldyjnfcw,cmoilcgeq389cqo0f7wk908dj,REFUND,Engine Sync Failure - Refunded,2,2026-04-28 14:59:49.695
cmoir5n7138njqo0fsvhsh83w,cmoilcgeq389cqo0f7wk908dj,USAGE,Export: TIFF,-1,2026-04-28 14:59:50.317
cmoir6bxb38nlqo0fzib4zyhz,cmoilcgeq389cqo0f7wk908dj,USAGE,Export Full Pack (3 formats),-4,2026-04-28 15:00:22.368
cmoir6zoa38nnqo0f6knjpq2z,cmoilcgeq389cqo0f7wk908dj,USAGE,PATTERN_GENERATION - Sapphire Neural Core v4,-2,2026-04-28 15:00:53.145
cmoir7s8838npqo0fntlifg0a,cmoilcgeq389cqo0f7wk908dj,USAGE,PATTERN_GENERATION - Sapphire Neural Core v4,-2,2026-04-28 15:01:30.149
cmoir9xti38nrqo0fusuii7dj,cmoilcgeq389cqo0f7wk908dj,USAGE,Export: TIFF,-1,2026-04-28 15:03:10.71
cmoirazw638ntqo0f6ewig4kt,cmoilcgeq389cqo0f7wk908dj,USAGE,PATTERN_GENERATION - Sapphire Neural Core v4,-2,2026-04-28 15:04:00.052
cmoirb3cv38nvqo0f7en0d9vc,cmoilcgeq389cqo0f7wk908dj,USAGE,Export: PSD,-3,2026-04-28 15:04:04.543
cmoirbvtx38nxqo0fag7y7x5k,cmoilcgeq389cqo0f7wk908dj,USAGE,PATTERN_GENERATION - Sapphire Neural Core v4,-2,2026-04-28 15:04:41.444
cmoirc02i38nzqo0frtd8iyhi,cmoilcgeq389cqo0f7wk908dj,USAGE,Export: TIFF,-1,2026-04-28 15:04:46.938
cmoirfy9w38o1qo0frkkhgw0q,cmoilcgeq389cqo0f7wk908dj,USAGE,UPSCALE_8K - Sapphire Refine Core,-1,2026-04-28 15:07:51.232
cmoirfz3738o3qo0fypoo994q,cmoilcgeq389cqo0f7wk908dj,USAGE,UPSCALE_8K - Sapphire Refine Core,-1,2026-04-28 15:07:52.29
cmoirfzyo38o5qo0f9whkitqe,cmoilcgeq389cqo0f7wk908dj,USAGE,UPSCALE_8K - Sapphire Refine Core,-1,2026-04-28 15:07:53.423
cmoirhdd838o7qo0ftzvbnqp4,cmoilcgeq389cqo0f7wk908dj,USAGE,Export: TIFF,-1,2026-04-28 15:08:57.452
cmoirhwhj38o9qo0fkny7p50w,cmoilcgeq389cqo0f7wk908dj,USAGE,Export: TIFF,-1,2026-04-28 15:09:22.231
